Year,Country_Name,Country_Code,Total_Medals,Gold,Silver,Bronze,HDI,Continent
2008,Afghanistan,AFG,1,0,0,1,0.18,Asia
2012,Afghanistan,AFG,1,0,0,1,0.25,Asia
1984,Algeria,ALG,2,0,0,2,0.29,Africa
1992,Algeria,ALG,2,1,0,1,0.33,Africa
1996,Algeria,ALG,3,2,0,1,0.35,Africa
2000,Algeria,ALG,5,1,1,3,0.39,Africa
2008,Algeria,ALG,2,0,1,1,0.41,Africa
2012,Algeria,ALG,1,1,0,0,0.45,Africa
2016,Algeria,,2,0,2,0,0.45,Africa
1924,Argentina,ARG,6,1,3,2,0.24,South America
1928,Argentina,ARG,7,3,3,1,0.25,South America
1932,Argentina,ARG,4,3,1,0,0.26,South America
1936,Argentina,ARG,7,2,2,3,0.28,South America
1948,Argentina,ARG,7,3,3,1,0.34,South America
1952,Argentina,ARG,5,1,2,2,0.36,South America
1956,Argentina,ARG,2,0,1,1,0.38,South America
1960,Argentina,ARG,2,0,1,1,0.39,South America
1964,Argentina,ARG,1,0,1,0,0.39,South America
1968,Argentina,ARG,2,0,0,2,0.42,South America
1972,Argentina,ARG,1,0,1,0,0.44,South America
1988,Argentina,ARG,2,0,1,1,0.5,South America
1992,Argentina,ARG,1,0,0,1,0.52,South America
1996,Argentina,ARG,3,0,2,1,0.56,South America
2000,Argentina,ARG,4,0,2,2,0.61,South America
2004,Argentina,ARG,6,2,0,4,0.61,South America
2008,Argentina,ARG,6,2,0,4,0.65,South America
2012,Argentina,ARG,4,1,1,2,0.7,South America
2016,Argentina,,4,3,1,0,0.7,South America
2020,Argentina,ARG,3,0,1,2,0.7,South America
1996,Armenia,ARM,2,1,1,0,0.51,Europe
2000,Armenia,ARM,1,0,0,1,0.54,Europe
2008,Armenia,ARM,5,0,1,4,0.57,Europe
2012,Armenia,ARM,2,0,1,1,0.58,Europe
2016,Armenia,,4,1,3,0,0.58,Europe
2020,Armenia,ARM,4,0,2,2,0.58,Europe
1908,Australasia,ANZ,5,1,2,2,-1,Oceania
1912,Australasia,ANZ,7,2,2,3,-1,Oceania
1896,Australia,AUS,2,2,0,0,0.31,Oceania
1900,Australia,AUS,5,2,0,3,0.36,Oceania
1904,Australia,AUS,4,0,3,1,0.36,Oceania
1920,Australia,AUS,3,0,2,1,0.39,Oceania
1924,Australia,AUS,6,3,1,2,0.39,Oceania
1928,Australia,AUS,4,1,2,1,0.4,Oceania
1932,Australia,AUS,5,3,1,1,0.4,Oceania
1936,Australia,AUS,1,0,0,1,0.42,Oceania
1948,Australia,AUS,13,2,6,5,0.47,Oceania
1952,Australia,AUS,11,6,2,3,0.5,Oceania
1956,Australia,AUS,35,13,8,14,0.51,Oceania
1960,Australia,AUS,22,8,8,6,0.52,Oceania
1964,Australia,AUS,18,6,2,10,0.52,Oceania
1968,Australia,AUS,17,5,7,5,0.54,Oceania
1972,Australia,AUS,17,8,7,2,0.56,Oceania
1976,Australia,AUS,5,0,1,4,0.57,Oceania
1980,Australia,AUS,9,2,2,5,0.59,Oceania
1984,Australia,AUS,24,4,8,12,0.59,Oceania
1988,Australia,AUS,14,3,6,5,0.62,Oceania
1992,Australia,AUS,27,7,9,11,0.77,Oceania
1996,Australia,AUS,41,9,9,23,0.81,Oceania
2000,Australia,AUS,58,16,25,17,0.84,Oceania
2004,Australia,AUS,50,17,16,17,0.84,Oceania
2008,Australia,AUS,46,14,15,17,0.87,Oceania
2012,Australia,AUS,35,8,15,12,0.89,Oceania
2016,Australia,,29,8,11,10,0.89,Oceania
2020,Australia,AUS,46,17,7,22,0.89,Oceania
1896,Austria,AUT,5,2,1,2,0.24,Europe
1900,Austria,AUT,6,0,3,3,0.27,Europe
1904,Austria,AUT,3,1,1,1,0.27,Europe
1908,Austria,AUT,1,0,0,1,0.27,Europe
1912,Austria,AUT,4,0,2,2,0.27,Europe
1924,Austria,AUT,4,0,3,1,0.31,Europe
1928,Austria,AUT,3,2,0,1,0.34,Europe
1932,Austria,AUT,5,1,1,3,0.35,Europe
1936,Austria,AUT,13,4,6,3,0.37,Europe
1948,Austria,AUT,4,1,0,3,0.42,Europe
1952,Austria,AUT,2,0,1,1,0.44,Europe
1956,Austria,AUT,2,0,0,2,0.46,Europe
1960,Austria,AUT,2,1,1,0,0.48,Europe
1968,Austria,AUT,4,0,2,2,0.52,Europe
1972,Austria,AUT,3,0,1,2,0.54,Europe
1976,Austria,AUT,1,0,0,1,0.56,Europe
1980,Austria,AUT,4,1,2,1,0.56,Europe
1984,Austria,AUT,3,1,1,1,0.56,Europe
1988,Austria,AUT,1,1,0,0,0.6,Europe
1992,Austria,AUT,2,0,2,0,0.64,Europe
1996,Austria,AUT,3,0,1,2,0.69,Europe
2000,Austria,AUT,3,2,1,0,0.71,Europe
2004,Austria,AUT,7,2,4,1,0.71,Europe
2008,Austria,AUT,3,0,1,2,0.74,Europe
2016,Austria,,1,0,0,1,0.79,Europe
2020,Austria,AUT,7,1,1,5,0.79,Europe
1996,Azerbaijan,AZE,1,0,1,0,0.42,Europe
2000,Azerbaijan,AZE,3,2,0,1,0.47,Europe
2004,Azerbaijan,AZE,5,1,0,4,0.47,Europe
2008,Azerbaijan,AZE,6,1,1,4,0.52,Europe
2012,Azerbaijan,AZE,9,2,2,5,0.52,Europe
2016,Azerbaijan,,18,1,7,10,0.52,Europe
2020,Azerbaijan,AZE,7,0,3,4,0.52,Europe
1956,Bahamas,BAH,1,0,0,1,0.37,North America
1964,Bahamas,BAH,1,1,0,0,0.41,North America
1992,Bahamas,BAH,1,0,0,1,0.48,North America
1996,Bahamas,BAH,1,0,1,0,0.49,North America
2000,Bahamas,BAH,3,2,0,1,0.52,North America
2004,Bahamas,BAH,2,1,0,1,0.52,North America
2008,Bahamas,BAH,2,0,1,1,0.57,North America
2012,Bahamas,BAH,1,1,0,0,0.58,North America
2016,Bahamas,,2,1,0,1,0.58,North America
2020,Bahamas,BAH,2,2,0,0,0.58,North America
2012,Bahrain,BRN,1,1,0,0,0.57,Asia
2016,Bahrain,,2,1,1,0,0.57,Asia
2020,Bahrain,BRN,1,0,1,0,0.57,Asia
2000,Barbados,BAR,1,0,0,1,0.62,North America
1996,Belarus,BLR,15,1,6,8,0.6,Europe
2000,Belarus,BLR,17,3,3,11,0.63,Europe
2004,Belarus,BLR,13,2,5,6,0.63,Europe
2008,Belarus,BLR,14,3,4,7,0.6,Europe
2012,Belarus,BLR,10,2,5,3,0.67,Europe
2016,Belarus,,9,1,4,4,0.67,Europe
2020,Belarus,BLR,7,1,3,3,0.67,Europe
1900,Belgium,BEL,17,6,7,4,0.28,Europe
1908,Belgium,BEL,8,1,5,2,0.28,Europe
1912,Belgium,BEL,6,2,1,3,0.28,Europe
1920,Belgium,BEL,42,16,12,14,0.31,Europe
1924,Belgium,BEL,13,3,7,3,0.31,Europe
1928,Belgium,BEL,3,0,1,2,0.33,Europe
1936,Belgium,BEL,2,0,0,2,0.36,Europe
1948,Belgium,BEL,7,2,2,3,0.39,Europe
1952,Belgium,BEL,4,2,2,0,0.43,Europe
1956,Belgium,BEL,2,0,2,0,0.48,Europe
1960,Belgium,BEL,4,0,2,2,0.49,Europe
1964,Belgium,BEL,3,2,0,1,0.49,Europe
1968,Belgium,BEL,2,0,1,1,0.55,Europe
1972,Belgium,BEL,2,0,2,0,0.56,Europe
1976,Belgium,BEL,6,0,3,3,0.57,Europe
1980,Belgium,BEL,1,1,0,0,0.6,Europe
1984,Belgium,BEL,4,1,1,2,0.6,Europe
1988,Belgium,BEL,2,0,0,2,0.62,Europe
1992,Belgium,BEL,3,0,1,2,0.63,Europe
1996,Belgium,BEL,6,2,2,2,0.65,Europe
2000,Belgium,BEL,5,0,2,3,0.79,Europe
2004,Belgium,BEL,3,1,0,2,0.79,Europe
2008,Belgium,BEL,2,2,0,0,0.79,Europe
2012,Belgium,BEL,3,0,1,2,0.84,Europe
2016,Belgium,,6,2,2,2,0.84,Europe
2020,Belgium,BEL,7,3,1,3,0.84,Europe
1976,Bermuda,BER,1,0,0,1,-1,North America
2020,Bermuda,BER,1,1,0,0,-1,North America
1900,Bohemia,BOH,2,0,1,1,-1,North America
1908,Bohemia,BOH,2,0,0,2,-1,North America
2012,Botswana,BOT,1,0,1,0,0.4,Africa
2020,Botswana,BOT,1,0,0,1,0.4,Africa
1920,Brazil,BRA,3,1,1,1,0.1,South America
1948,Brazil,BRA,1,0,0,1,0.19,South America
1952,Brazil,BRA,3,1,0,2,0.21,South America
1956,Brazil,BRA,1,1,0,0,0.23,South America
1960,Brazil,BRA,2,0,0,2,0.25,South America
1964,Brazil,BRA,1,0,0,1,0.25,South America
1968,Brazil,BRA,3,0,1,2,0.27,South America
1972,Brazil,BRA,2,0,0,2,0.32,South America
1976,Brazil,BRA,2,0,0,2,0.34,South America
1980,Brazil,BRA,4,2,0,2,0.36,South America
1984,Brazil,BRA,8,1,5,2,0.36,South America
1988,Brazil,BRA,6,1,2,3,0.38,South America
1992,Brazil,BRA,3,2,1,0,0.42,South America
1996,Brazil,BRA,15,3,3,9,0.48,South America
2000,Brazil,BRA,12,0,6,6,0.49,South America
2004,Brazil,BRA,10,5,2,3,0.49,South America
2008,Brazil,BRA,17,3,4,10,0.51,South America
2012,Brazil,BRA,17,3,5,9,0.54,South America
2016,Brazil,,19,7,6,6,0.54,South America
2020,Brazil,BRA,21,7,6,8,0.54,South America
1960,British West Indies,BWI,2,0,0,2,-1,North America
1952,Bulgaria,BUL,1,0,0,1,0.34,Europe
1956,Bulgaria,BUL,5,1,3,1,0.38,Europe
1960,Bulgaria,BUL,7,1,3,3,0.42,Europe
1964,Bulgaria,BUL,10,3,5,2,0.42,Europe
1968,Bulgaria,BUL,9,2,4,3,0.45,Europe
1972,Bulgaria,BUL,21,6,10,5,0.46,Europe
1976,Bulgaria,BUL,22,6,9,7,0.47,Europe
1980,Bulgaria,BUL,41,8,16,17,0.48,Europe
1988,Bulgaria,BUL,35,10,12,13,0.5,Europe
1992,Bulgaria,BUL,16,3,7,6,0.49,Europe
1996,Bulgaria,BUL,15,3,7,5,0.51,Europe
2000,Bulgaria,BUL,13,5,6,2,0.53,Europe
2004,Bulgaria,BUL,12,2,1,9,0.53,Europe
2008,Bulgaria,BUL,5,1,1,3,0.55,Europe
2012,Bulgaria,BUL,3,0,2,1,0.59,Europe
2016,Bulgaria,,3,0,1,2,0.59,Europe
2020,Bulgaria,BUL,6,3,1,2,0.59,Europe
2020,Burkina Faso,BUR,1,0,0,1,0.22,Africa
1996,Burundi,BDI,1,1,0,0,0.16,Africa
2016,Burundi,,1,0,1,0,0.25,Africa
1968,Cameroon,CMR,1,0,1,0,0.16,Africa
1984,Cameroon,CMR,1,0,0,1,0.23,Africa
2000,Cameroon,CMR,1,1,0,0,0.24,Africa
2004,Cameroon,CMR,1,1,0,0,0.24,Africa
2008,Cameroon,CMR,1,1,0,0,0.24,Africa
2012,Cameroon,CMR,1,0,0,1,0.28,Africa
1900,Canada,CAN,2,1,0,1,0.32,North America
1904,Canada,CAN,6,4,1,1,0.32,North America
1908,Canada,CAN,16,3,3,10,0.32,North America
1912,Canada,CAN,8,3,2,3,0.32,North America
1920,Canada,CAN,9,3,3,3,0.37,North America
1924,Canada,CAN,4,0,3,1,0.37,North America
1928,Canada,CAN,15,4,4,7,0.39,North America
1932,Canada,CAN,15,2,5,8,0.38,North America
1936,Canada,CAN,9,1,3,5,0.41,North America
1948,Canada,CAN,3,0,1,2,0.47,North America
1952,Canada,CAN,3,1,2,0,0.5,North America
1956,Canada,CAN,6,2,1,3,0.53,North America
1960,Canada,CAN,1,0,1,0,0.58,North America
1964,Canada,CAN,4,1,2,1,0.58,North America
1968,Canada,CAN,5,1,3,1,0.59,North America
1972,Canada,CAN,5,0,2,3,0.59,North America
1976,Canada,CAN,11,0,5,6,0.6,North America
1984,Canada,CAN,44,10,18,16,0.66,North America
1988,Canada,CAN,10,3,2,5,0.71,North America
1992,Canada,CAN,18,7,4,7,0.78,North America
1996,Canada,CAN,22,3,11,8,0.75,North America
2000,Canada,CAN,14,3,3,8,0.82,North America
2004,Canada,CAN,12,3,6,3,0.82,North America
2008,Canada,CAN,20,3,9,8,0.85,North America
2012,Canada,CAN,18,2,6,10,0.88,North America
2016,Canada,,22,4,3,15,0.88,North America
2020,Canada,CAN,24,7,6,11,0.88,North America
1948,Sri Lanka,CEY,1,0,1,0,0.18,Asia
1928,Chile,CHI,1,0,1,0,0.18,South America
1952,Chile,CHI,2,0,2,0,0.3,South America
1956,Chile,CHI,4,0,2,2,0.32,South America
1988,Chile,CHI,1,0,1,0,0.48,South America
2000,Chile,CHI,1,0,0,1,0.61,South America
2004,Chile,CHI,3,2,0,1,0.61,South America
2008,Chile,CHI,1,0,1,0,0.65,South America
1984,China,CHN,32,15,8,9,0.3,Asia
1988,China,CHN,28,5,11,12,0.31,Asia
1992,China,CHN,54,16,22,16,0.35,Asia
1996,China,CHN,50,16,22,12,0.39,Asia
2000,China,CHN,58,28,16,14,0.42,Asia
2004,China,CHN,63,32,17,14,0.42,Asia
2008,China,CHN,100,48,22,30,0.48,Asia
2012,China,CHN,91,38,31,22,0.54,Asia
2016,China,,70,26,18,26,0.54,Asia
2020,China,CHN,88,38,32,18,0.54,Asia
1984,Taiwan,TPE,1,0,0,1,0.47,Asia
1992,Taiwan,TPE,1,0,1,0,0.54,Asia
1996,Taiwan,TPE,1,0,1,0,0.63,Asia
2000,Taiwan,TPE,5,0,1,4,0.72,Asia
2004,Taiwan,TPE,5,2,2,1,0.72,Asia
2008,Taiwan,TPE,4,1,1,2,0.8,Asia
2012,Taiwan,TPE,2,1,0,1,0.82,Asia
2016,Taiwan,,3,1,0,2,0.82,Asia
2020,Taiwan,TPE,12,2,4,6,0.82,Asia
1972,Colombia,COL,3,0,1,2,0.33,South America
1984,Colombia,COL,1,0,1,0,0.37,South America
1988,Colombia,COL,1,0,0,1,0.39,South America
1992,Colombia,COL,1,0,0,1,0.42,South America
2000,Colombia,COL,1,1,0,0,0.48,South America
2004,Colombia,COL,2,0,0,2,0.48,South America
2008,Colombia,COL,3,0,2,1,0.53,South America
2012,Colombia,COL,9,1,3,5,0.55,South America
2016,Colombia,,8,3,2,3,0.55,South America
2020,Colombia,COL,5,0,4,1,0.55,South America
1988,Costa Rica,CRC,1,0,1,0,0.47,North America
1996,Costa Rica,CRC,1,1,0,0,0.52,North America
2000,Costa Rica,CRC,2,0,0,2,0.57,North America
1992,Croatia,CRO,3,0,1,2,0.49,Europe
1996,Croatia,CRO,2,1,1,0,0.52,Europe
2000,Croatia,CRO,2,1,0,1,0.56,Europe
2004,Croatia,CRO,5,1,2,2,0.56,Europe
2008,Croatia,CRO,5,0,2,3,0.6,Europe
2012,Croatia,CRO,6,3,1,2,0.63,Europe
2016,Croatia,,10,5,3,2,0.63,Europe
2020,Croatia,CRO,8,3,3,2,0.63,Europe
1900,Cuba,CUB,2,1,1,0,0.17,North America
1904,Cuba,CUB,3,3,0,0,0.17,North America
1948,Cuba,CUB,1,0,1,0,0.28,North America
1964,Cuba,CUB,1,0,1,0,0.36,North America
1968,Cuba,CUB,4,0,4,0,0.39,North America
1972,Cuba,CUB,8,3,1,4,0.42,North America
1976,Cuba,CUB,13,6,4,3,0.47,North America
1980,Cuba,CUB,20,8,7,5,0.48,North America
1992,Cuba,CUB,31,14,6,11,0.47,North America
1996,Cuba,CUB,25,9,8,8,0.51,North America
2000,Cuba,CUB,29,11,11,7,0.56,North America
2004,Cuba,CUB,27,9,7,11,0.56,North America
2008,Cuba,CUB,30,3,10,17,0.73,North America
2012,Cuba,CUB,15,5,3,7,0.64,North America
2016,Cuba,,11,5,2,4,0.64,North America
2020,Cuba,CUB,15,7,3,5,0.64,North America
2012,Cyprus,CYP,1,0,1,0,0.66,Europe
1996,Czech Republic,CZE,11,4,3,4,0.54,Europe
2000,Czech Republic,CZE,8,2,3,3,0.54,Europe
2000,Czech Republic,CZE,8,2,3,3,0.6,Europe
2004,Czech Republic,CZE,9,1,3,5,0.6,Europe
2008,Czech Republic,CZE,7,3,3,1,0.64,Europe
2012,Czech Republic,CZE,11,4,3,4,0.68,Europe
2016,Czech Republic,,10,1,2,7,0.68,Europe
2020,Czech Republic,CZE,11,4,4,3,0.68,Europe
1920,Czechoslovakia,TCH,2,0,0,2,0.28,Europe
1924,Czechoslovakia,TCH,10,1,4,5,0.28,Europe
1928,Czechoslovakia,TCH,9,2,5,2,0.3,Europe
1932,Czechoslovakia,TCH,4,1,2,1,0.32,Europe
1936,Czechoslovakia,TCH,8,3,5,0,0.35,Europe
1948,Czechoslovakia,TCH,11,6,2,3,0.39,Europe
1952,Czechoslovakia,TCH,13,7,3,3,0.43,Europe
1956,Czechoslovakia,TCH,6,1,4,1,0.47,Europe
1960,Czechoslovakia,TCH,8,3,2,3,0.48,Europe
1964,Czechoslovakia,TCH,14,5,6,3,0.48,Europe
1968,Czechoslovakia,TCH,13,7,2,4,0.49,Europe
1972,Czechoslovakia,TCH,8,2,4,2,0.5,Europe
1976,Czechoslovakia,TCH,8,2,2,4,0.52,Europe
1980,Czechoslovakia,TCH,14,2,3,9,0.53,Europe
1988,Czechoslovakia,TCH,8,3,3,2,0.53,Europe
1992,Czechoslovakia,TCH,7,4,2,1,0.54,Europe
1896,Denmark,DEN,6,1,2,3,0.31,Europe
1900,Denmark,DEN,6,1,3,2,0.34,Europe
1908,Denmark,DEN,5,0,2,3,0.34,Europe
1912,Denmark,DEN,12,1,6,5,0.34,Europe
1920,Denmark,DEN,13,3,9,1,0.36,Europe
1924,Denmark,DEN,9,2,5,2,0.36,Europe
1928,Denmark,DEN,6,3,1,2,0.38,Europe
1932,Denmark,DEN,6,0,3,3,0.39,Europe
1936,Denmark,DEN,5,0,2,3,0.4,Europe
1948,Denmark,DEN,20,5,7,8,0.44,Europe
1952,Denmark,DEN,6,2,1,3,0.47,Europe
1956,Denmark,DEN,4,1,2,1,0.49,Europe
1960,Denmark,DEN,6,2,3,1,0.5,Europe
1964,Denmark,DEN,6,2,1,3,0.5,Europe
1968,Denmark,DEN,8,1,4,3,0.55,Europe
1972,Denmark,DEN,1,1,0,0,0.56,Europe
1976,Denmark,DEN,3,1,0,2,0.59,Europe
1980,Denmark,DEN,5,2,1,2,0.6,Europe
1984,Denmark,DEN,6,0,3,3,0.6,Europe
1988,Denmark,DEN,4,2,1,1,0.61,Europe
1992,Denmark,DEN,6,1,1,4,0.63,Europe
1996,Denmark,DEN,6,4,1,1,0.69,Europe
2000,Denmark,DEN,6,2,3,1,0.78,Europe
2004,Denmark,DEN,8,2,1,5,0.78,Europe
2008,Denmark,DEN,7,2,2,3,0.8,Europe
2012,Denmark,DEN,9,2,4,3,0.83,Europe
2016,Denmark,,15,2,6,7,0.83,Europe
2020,Denmark,DEN,11,3,4,4,0.83,Europe
1988,Djibouti,DJI,1,0,0,1,0.18,Africa
1984,Dominican Republic,DOM,1,0,0,1,0.35,North America
2004,Dominican Republic,DOM,1,1,0,0,0.43,North America
2008,Dominican Republic,DOM,2,1,1,0,0.47,North America
2012,Dominican Republic,DOM,2,1,1,0,0.49,North America
2016,Dominican Republic,,1,0,0,1,0.49,North America
2020,Dominican Republic,DOM,5,0,3,2,0.49,North America
1968,East Germany,GDR,25,9,9,7,-1,Europe
1972,East Germany,GDR,66,20,23,23,-1,Europe
1976,East Germany,GDR,90,40,25,25,-1,Europe
1980,East Germany,GDR,126,47,37,42,-1,Europe
1988,East Germany,GDR,102,37,35,30,-1,Europe
1996,Ecuador,ECU,1,1,0,0,0.46,South America
2008,Ecuador,ECU,1,0,1,0,0.51,South America
2020,Ecuador,ECU,3,2,1,0,0.55,South America
1928,Egypt,EGY,4,2,1,1,0.08,Africa
1936,Egypt,EGY,5,2,1,2,0.09,Africa
1948,Egypt,EGY,5,2,2,1,0.13,Africa
1952,Egypt,EGY,1,0,0,1,0.14,Africa
1960,Egypt,EGY,2,0,1,1,0.17,Africa
1984,Egypt,EGY,1,0,1,0,0.26,Africa
2004,Egypt,EGY,5,1,1,3,0.38,Africa
2008,Egypt,EGY,2,0,0,2,0.39,Africa
2012,Egypt,EGY,4,0,3,1,0.41,Africa
2016,Egypt,,3,0,0,3,0.41,Africa
2020,Egypt,EGY,6,1,1,4,0.41,Africa
2004,Eritrea,ERI,1,0,0,1,0.2,Africa
1920,Estonia,EST,3,1,2,0,-1,Europe
1924,Estonia,EST,6,1,1,4,-1,Europe
1928,Estonia,EST,5,2,1,2,-1,Europe
1936,Estonia,EST,7,2,2,3,-1,Europe
1992,Estonia,EST,2,1,0,1,0.51,Europe
2000,Estonia,EST,3,1,0,2,0.63,Europe
2004,Estonia,EST,3,0,1,2,0.63,Europe
2008,Estonia,EST,2,1,1,0,0.65,Europe
2012,Estonia,EST,2,0,1,1,0.73,Europe
2016,Estonia,,1,0,0,1,0.73,Europe
2020,Estonia,EST,2,1,0,1,0.73,Europe
1960,Ethiopia,ETH,1,1,0,0,0.06,Africa
1964,Ethiopia,ETH,1,1,0,0,0.06,Africa
1968,Ethiopia,ETH,2,1,1,0,0.08,Africa
1972,Ethiopia,ETH,2,0,0,2,0.09,Africa
1980,Ethiopia,ETH,4,2,0,2,0.12,Africa
1992,Ethiopia,ETH,3,1,0,2,0.13,Africa
1996,Ethiopia,ETH,3,2,0,1,0.15,Africa
2000,Ethiopia,ETH,8,4,1,3,0.18,Africa
2004,Ethiopia,ETH,7,2,3,2,0.18,Africa
2008,Ethiopia,ETH,7,4,2,1,0.22,Africa
2012,Ethiopia,ETH,8,3,2,3,0.26,Africa
2016,Ethiopia,,8,1,2,5,0.26,Africa
2020,Ethiopia,ETH,4,1,1,2,0.26,Africa
2016,Fiji,,1,1,0,0,-1,Oceania
2020,Fiji,FIJ,2,1,0,1,-1,Oceania
1908,Finland,FIN,5,1,1,3,0.18,Europe
1912,Finland,FIN,26,9,8,9,0.18,Europe
1920,Finland,FIN,34,15,10,9,0.25,Europe
1924,Finland,FIN,37,14,13,10,0.25,Europe
1928,Finland,FIN,25,8,8,9,0.27,Europe
1932,Finland,FIN,25,5,8,12,0.29,Europe
1936,Finland,FIN,19,7,6,6,0.32,Europe
1948,Finland,FIN,20,8,7,5,0.42,Europe
1952,Finland,FIN,22,6,3,13,0.45,Europe
1956,Finland,FIN,15,3,1,11,0.47,Europe
1960,Finland,FIN,5,1,1,3,0.47,Europe
1964,Finland,FIN,5,3,0,2,0.47,Europe
1968,Finland,FIN,4,1,2,1,0.51,Europe
1972,Finland,FIN,8,3,1,4,0.53,Europe
1976,Finland,FIN,6,4,2,0,0.56,Europe
1980,Finland,FIN,8,3,1,4,0.59,Europe
1984,Finland,FIN,12,4,2,6,0.59,Europe
1988,Finland,FIN,4,1,1,2,0.62,Europe
1992,Finland,FIN,5,1,2,2,0.68,Europe
1996,Finland,FIN,4,1,2,1,0.77,Europe
2000,Finland,FIN,4,2,1,1,0.8,Europe
2004,Finland,FIN,2,0,2,0,0.8,Europe
2008,Finland,FIN,4,1,1,2,0.82,Europe
2012,Finland,FIN,3,0,2,1,0.84,Europe
2016,Finland,,1,0,0,1,0.84,Europe
2020,Finland,FIN,2,0,0,2,0.84,Europe
1896,France,FRA,11,5,4,2,0.26,Europe
1900,France,FRA,102,27,38,37,0.28,Europe
1904,France,FRA,1,0,1,0,0.28,Europe
1908,France,FRA,19,5,5,9,0.28,Europe
1912,France,FRA,15,7,5,3,0.28,Europe
1920,France,FRA,41,9,19,13,0.3,Europe
1924,France,FRA,38,13,15,10,0.3,Europe
1928,France,FRA,21,6,10,5,0.33,Europe
1932,France,FRA,19,10,5,4,0.35,Europe
1936,France,FRA,19,7,6,6,0.36,Europe
1948,France,FRA,29,10,6,13,0.41,Europe
1952,France,FRA,18,6,6,6,0.45,Europe
1956,France,FRA,14,4,4,6,0.49,Europe
1960,France,FRA,5,0,2,3,0.5,Europe
1964,France,FRA,15,1,8,6,0.5,Europe
1968,France,FRA,15,7,3,5,0.53,Europe
1972,France,FRA,13,2,4,7,0.55,Europe
1976,France,FRA,9,2,3,4,0.57,Europe
1980,France,FRA,14,6,5,3,0.59,Europe
1984,France,FRA,28,5,7,16,0.59,Europe
1988,France,FRA,16,6,4,6,0.62,Europe
1992,France,FRA,29,8,5,16,0.67,Europe
1996,France,FRA,37,15,7,15,0.72,Europe
2000,France,FRA,38,13,14,11,0.74,Europe
2004,France,FRA,33,11,9,13,0.74,Europe
2008,France,FRA,43,7,16,20,0.79,Europe
2012,France,FRA,35,11,11,13,0.82,Europe
2016,France,,42,10,18,14,0.82,Europe
2020,France,FRA,33,10,12,11,0.82,Europe
2012,Gabon,GAB,1,0,1,0,0.4,Africa
1996,Georgia,GEO,2,0,0,2,0.48,Europe
2000,Georgia,GEO,6,0,0,6,0.5,Europe
2004,Georgia,GEO,4,2,2,0,0.5,Europe
2008,Georgia,GEO,7,3,2,2,0.52,Europe
2012,Georgia,GEO,6,1,2,3,0.58,Europe
2016,Georgia,,7,2,1,4,0.58,Europe
2020,Georgia,GEO,8,2,5,1,0.58,Europe
1896,Germany,GER,13,6,5,2,0.29,Europe
1900,Germany,GER,9,4,3,2,0.32,Europe
1904,Germany,GER,15,4,5,6,0.32,Europe
1908,Germany,GER,13,3,5,5,0.32,Europe
1912,Germany,GER,26,6,13,7,0.32,Europe
1928,Germany,GER,31,10,7,14,0.37,Europe
1932,Germany,GER,20,3,12,5,0.38,Europe
1936,Germany,GER,89,33,26,30,0.41,Europe
1952,Germany,GER,24,0,7,17,0.44,Europe
1992,Germany,GER,82,33,21,28,0.63,Europe
1996,Germany,GER,65,20,18,27,0.68,Europe
2000,Germany,GER,56,13,17,26,0.7,Europe
2004,Germany,GER,49,13,16,20,0.7,Europe
2008,Germany,GER,41,16,11,14,0.74,Europe
2012,Germany,GER,44,11,20,13,0.8,Europe
2016,Germany,,42,17,10,15,0.8,Europe
2020,Germany,GER,37,10,11,16,0.8,Europe
1960,Ghana,GHA,1,0,1,0,0.17,Africa
1964,Ghana,GHA,1,0,0,1,0.17,Africa
1972,Ghana,GHA,1,0,0,1,0.19,Africa
1992,Ghana,GHA,1,0,0,1,0.25,Africa
2020,Ghana,GHA,1,0,0,1,0.33,Africa
1896,Great Britain,GBR,7,2,3,2,0.28,Europe
1900,Great Britain,GBR,32,15,8,9,0.33,Europe
1904,Great Britain,GBR,2,1,1,0,0.33,Europe
1908,Great Britain,GBR,146,56,51,39,0.33,Europe
1912,Great Britain,GBR,41,10,15,16,0.33,Europe
1920,Great Britain,GBR,43,14,16,13,0.36,Europe
1924,Great Britain,GBR,34,9,13,12,0.36,Europe
1928,Great Britain,GBR,20,3,10,7,0.37,Europe
1932,Great Britain,GBR,16,4,7,5,0.37,Europe
1936,Great Britain,GBR,14,4,7,3,0.39,Europe
1948,Great Britain,GBR,23,3,14,6,0.46,Europe
1952,Great Britain,GBR,11,1,2,8,0.49,Europe
1956,Great Britain,GBR,24,6,7,11,0.5,Europe
1960,Great Britain,GBR,20,2,6,12,0.5,Europe
1964,Great Britain,GBR,18,4,12,2,0.5,Europe
1968,Great Britain,GBR,13,5,5,3,0.53,Europe
1972,Great Britain,GBR,18,4,5,9,0.54,Europe
1976,Great Britain,GBR,13,3,5,5,0.56,Europe
1980,Great Britain,GBR,21,5,7,9,0.56,Europe
1984,Great Britain,GBR,37,5,11,21,0.56,Europe
1988,Great Britain,GBR,24,5,10,9,0.58,Europe
1992,Great Britain,GBR,20,5,3,12,0.61,Europe
1996,Great Britain,GBR,15,1,8,6,0.68,Europe
2000,Great Britain,GBR,28,11,10,7,0.72,Europe
2004,Great Britain,GBR,30,9,9,12,0.72,Europe
2008,Great Britain,GBR,51,19,13,19,0.72,Europe
2012,Great Britain,GBR,65,29,17,19,0.76,Europe
2016,Great Britain,,67,27,23,17,0.76,Europe
2020,Great Britain,GBR,65,22,21,22,0.76,Europe
1896,Greece,GRE,47,10,18,19,0.15,Europe
1904,Greece,GRE,2,1,0,1,0.16,Europe
1908,Greece,GRE,4,0,3,1,0.16,Europe
1912,Greece,GRE,2,1,0,1,0.16,Europe
1920,Greece,GRE,1,0,1,0,0.2,Europe
1956,Greece,GRE,1,0,0,1,0.35,Europe
1960,Greece,GRE,1,1,0,0,0.39,Europe
1968,Greece,GRE,1,0,0,1,0.44,Europe
1972,Greece,GRE,2,0,2,0,0.46,Europe
1980,Greece,GRE,3,1,0,2,0.52,Europe
1984,Greece,GRE,2,0,1,1,0.52,Europe
1988,Greece,GRE,1,0,0,1,0.54,Europe
1992,Greece,GRE,2,2,0,0,0.57,Europe
1996,Greece,GRE,8,4,4,0,0.58,Europe
2000,Greece,GRE,13,4,6,3,0.66,Europe
2004,Greece,GRE,16,6,6,4,0.66,Europe
2008,Greece,GRE,3,0,2,1,0.76,Europe
2012,Greece,GRE,2,0,0,2,0.75,Europe
2016,Greece,,6,3,1,2,0.75,Europe
2020,Greece,GRE,4,2,1,1,0.75,Europe
2012,Grenada,GRN,1,1,0,0,-1,North America
2016,Grenada,,1,0,1,0,-1,North America
2020,Grenada,GRN,1,0,0,1,-1,North America
2012,Guatemala,GUA,1,0,1,0,0.41,North America
1980,Guyana,GUY,1,0,0,1,0.35,South America
1924,Haiti,HAI,1,0,0,1,-1,North America
1928,Haiti,HAI,1,0,1,0,-1,North America
1996,Hong Kong,HKG,1,1,0,0,0.59,Asia
2004,Hong Kong,HKG,1,0,1,0,0.66,Asia
2012,Hong Kong,HKG,1,0,0,1,0.8,Asia
2020,Hong Kong,HKG,6,1,2,3,0.8,Asia
1896,Hungary,HUN,6,2,1,3,0.17,Europe
1900,Hungary,HUN,5,1,2,2,0.19,Europe
1904,Hungary,HUN,4,2,1,1,0.19,Europe
1908,Hungary,HUN,9,3,4,2,0.19,Europe
1912,Hungary,HUN,8,3,2,3,0.19,Europe
1924,Hungary,HUN,9,2,3,4,0.23,Europe
1928,Hungary,HUN,9,4,5,0,0.26,Europe
1932,Hungary,HUN,15,6,4,5,0.28,Europe
1936,Hungary,HUN,16,10,1,5,0.3,Europe
1948,Hungary,HUN,27,10,5,12,0.35,Europe
1952,Hungary,HUN,42,16,10,16,0.39,Europe
1956,Hungary,HUN,26,9,10,7,0.43,Europe
1960,Hungary,HUN,21,6,8,7,0.46,Europe
1964,Hungary,HUN,22,10,7,5,0.46,Europe
1968,Hungary,HUN,32,10,10,12,0.45,Europe
1972,Hungary,HUN,35,6,13,16,0.46,Europe
1976,Hungary,HUN,22,4,5,13,0.46,Europe
1980,Hungary,HUN,32,7,10,15,0.49,Europe
1988,Hungary,HUN,23,11,6,6,0.49,Europe
1992,Hungary,HUN,30,11,12,7,0.49,Europe
1996,Hungary,HUN,21,7,4,10,0.52,Europe
2000,Hungary,HUN,17,8,6,3,0.58,Europe
2004,Hungary,HUN,17,8,6,3,0.58,Europe
2008,Hungary,HUN,10,3,5,2,0.6,Europe
2012,Hungary,HUN,18,8,4,6,0.62,Europe
2016,Hungary,,15,8,3,4,0.62,Europe
2020,Hungary,HUN,20,6,7,7,0.62,Europe
1956,Iceland,ISL,1,0,1,0,-1,Europe
1984,Iceland,ISL,1,0,0,1,0.61,Europe
2000,Iceland,ISL,1,0,0,1,0.79,Europe
2008,Iceland,ISL,1,0,1,0,0.83,Europe
2016,Independent Olympic Athletes,,2,1,0,1,-1,N/A
1992,Independent Olympic Participants,IOP,3,0,1,2,-1,N/A
1900,India,IND,2,0,2,0,0.04,Asia
1928,India,IND,1,1,0,0,0.07,Asia
1932,India,IND,1,1,0,0,0.07,Asia
1936,India,IND,1,1,0,0,0.08,Asia
1948,India,IND,1,1,0,0,0.11,Asia
1952,India,IND,2,1,0,1,0.12,Asia
1956,India,IND,1,1,0,0,0.14,Asia
1960,India,IND,1,0,1,0,0.16,Asia
1964,India,IND,1,1,0,0,0.16,Asia
1968,India,IND,1,0,0,1,0.17,Asia
1972,India,IND,1,0,0,1,0.18,Asia
1980,India,IND,1,1,0,0,0.21,Asia
1996,India,IND,1,0,0,1,0.27,Asia
2000,India,IND,1,0,0,1,0.29,Asia
2004,India,IND,1,0,1,0,0.29,Asia
2008,India,IND,3,1,0,2,0.33,Asia
2012,India,IND,6,0,2,4,0.38,Asia
2016,India,,2,0,1,1,0.38,Asia
2020,India,IND,7,1,2,4,0.38,Asia
1988,Indonesia,INA,1,0,1,0,0.33,Asia
1992,Indonesia,INA,5,2,2,1,0.35,Asia
1996,Indonesia,INA,4,1,1,2,0.38,Asia
2000,Indonesia,INA,6,1,3,2,0.41,Asia
2004,Indonesia,INA,4,1,1,2,0.41,Asia
2008,Indonesia,INA,6,1,1,4,0.45,Asia
2012,Indonesia,INA,3,0,2,1,0.47,Asia
2016,Indonesia,,3,1,2,0,0.47,Asia
2020,Indonesia,INA,5,1,1,3,0.47,Asia
1948,Iran,IRI,1,0,0,1,0.12,Asia
1952,Iran,IRI,7,0,3,4,0.12,Asia
1956,Iran,IRI,5,2,2,1,0.15,Asia
1960,Iran,IRI,4,0,1,3,0.18,Asia
1964,Iran,IRI,2,0,0,2,0.18,Asia
1968,Iran,IRI,5,2,1,2,0.22,Asia
1972,Iran,IRI,3,0,2,1,0.25,Asia
1976,Iran,IRI,2,0,1,1,0.28,Asia
1988,Iran,IRI,1,0,1,0,0.33,Asia
1992,Iran,IRI,3,0,1,2,0.36,Asia
1996,Iran,IRI,3,1,1,1,0.39,Asia
2000,Iran,IRI,4,3,0,1,0.42,Asia
2004,Iran,IRI,6,2,2,2,0.42,Asia
2008,Iran,IRI,2,1,0,1,0.44,Asia
2012,Iran,IRI,13,7,5,1,0.51,Asia
2016,Iran,,8,3,1,4,0.51,Asia
2020,Iran,IRI,7,3,2,2,0.51,Asia
1960,Iraq,IRQ,1,0,0,1,0.19,Asia
1928,Ireland,IRL,1,1,0,0,0.33,Europe
1932,Ireland,IRL,2,2,0,0,0.33,Europe
1952,Ireland,IRL,1,0,1,0,0.43,Europe
1956,Ireland,IRL,5,1,1,3,0.46,Europe
1964,Ireland,IRL,1,0,0,1,0.48,Europe
1980,Ireland,IRL,2,0,1,1,0.55,Europe
1984,Ireland,IRL,1,0,1,0,0.55,Europe
1992,Ireland,IRL,2,1,1,0,0.61,Europe
1996,Ireland,IRL,4,3,0,1,0.65,Europe
2000,Ireland,IRL,1,0,1,0,0.73,Europe
2008,Ireland,IRL,3,0,1,2,0.83,Europe
2012,Ireland,IRL,6,1,1,4,0.85,Europe
2016,Ireland,,2,0,2,0,0.85,Europe
2020,Ireland,IRL,4,2,0,2,0.85,Europe
1992,Israel,ISR,2,0,1,1,0.58,Asia
1996,Israel,ISR,1,0,0,1,0.63,Asia
2000,Israel,ISR,1,0,0,1,0.69,Asia
2004,Israel,ISR,2,1,0,1,0.69,Asia
2008,Israel,ISR,1,0,0,1,0.75,Asia
2016,Israel,,2,0,0,2,0.81,Asia
2020,Israel,ISR,4,2,0,2,0.81,Asia
1900,Italy,ITA,5,3,2,0,0.2,Europe
1908,Italy,ITA,4,2,2,0,0.2,Europe
1912,Italy,ITA,8,5,1,2,0.2,Europe
1920,Italy,ITA,23,13,5,5,0.23,Europe
1924,Italy,ITA,16,8,3,5,0.23,Europe
1928,Italy,ITA,19,7,5,7,0.25,Europe
1932,Italy,ITA,36,12,12,12,0.26,Europe
1936,Italy,ITA,22,8,9,5,0.29,Europe
1948,Italy,ITA,27,8,11,8,0.33,Europe
1952,Italy,ITA,21,8,9,4,0.36,Europe
1956,Italy,ITA,25,8,8,9,0.39,Europe
1960,Italy,ITA,36,13,10,13,0.41,Europe
1964,Italy,ITA,27,10,10,7,0.41,Europe
1968,Italy,ITA,16,3,4,9,0.48,Europe
1972,Italy,ITA,18,5,3,10,0.49,Europe
1976,Italy,ITA,13,2,7,4,0.53,Europe
1980,Italy,ITA,15,8,3,4,0.54,Europe
1984,Italy,ITA,32,14,6,12,0.54,Europe
1988,Italy,ITA,14,6,4,4,0.57,Europe
1992,Italy,ITA,19,6,5,8,0.6,Europe
1996,Italy,ITA,35,13,10,12,0.65,Europe
2000,Italy,ITA,34,13,8,13,0.71,Europe
2004,Italy,ITA,32,10,11,11,0.71,Europe
2008,Italy,ITA,27,8,9,10,0.76,Europe
2012,Italy,ITA,28,8,9,11,0.81,Europe
2016,Italy,,28,8,12,8,0.81,Europe
2020,Italy,ITA,40,10,10,20,0.81,Europe
1984,Cote d'Ivoire,CIV,1,0,1,0,0.21,Africa
2016,Cote d'Ivoire,,2,1,0,1,0.22,Africa
2020,Cote d'Ivoire,CIV,1,0,0,1,0.22,Africa
1948,Jamaica,JAM,3,1,2,0,0.26,North America
1952,Jamaica,JAM,5,2,3,0,0.28,North America
1968,Jamaica,JAM,1,0,1,0,0.38,North America
1972,Jamaica,JAM,1,0,0,1,0.41,North America
1976,Jamaica,JAM,2,1,1,0,0.41,North America
1980,Jamaica,JAM,3,0,0,3,0.41,North America
1984,Jamaica,JAM,3,0,1,2,0.41,North America
1988,Jamaica,JAM,2,0,2,0,0.42,North America
1992,Jamaica,JAM,4,0,3,1,0.43,North America
1996,Jamaica,JAM,6,1,3,2,0.44,North America
2000,Jamaica,JAM,9,0,6,3,0.44,North America
2004,Jamaica,JAM,5,2,1,2,0.44,North America
2008,Jamaica,JAM,11,5,4,2,0.45,North America
2012,Jamaica,JAM,12,4,5,3,0.48,North America
2016,Jamaica,,11,6,3,2,0.48,North America
2020,Jamaica,JAM,9,4,1,4,0.48,North America
1920,Japan,JPN,2,0,2,0,0.23,Asia
1924,Japan,JPN,1,0,0,1,0.23,Asia
1928,Japan,JPN,5,2,2,1,0.26,Asia
1932,Japan,JPN,18,7,7,4,0.28,Asia
1936,Japan,JPN,18,6,4,8,0.3,Asia
1952,Japan,JPN,9,1,6,2,0.42,Asia
1956,Japan,JPN,19,4,10,5,0.45,Asia
1960,Japan,JPN,18,4,7,7,0.49,Asia
1964,Japan,JPN,29,16,5,8,0.49,Asia
1968,Japan,JPN,25,11,7,7,0.52,Asia
1972,Japan,JPN,29,13,8,8,0.56,Asia
1976,Japan,JPN,25,9,6,10,0.6,Asia
1984,Japan,JPN,32,10,8,14,0.63,Asia
1988,Japan,JPN,14,4,3,7,0.66,Asia
1992,Japan,JPN,22,3,8,11,0.67,Asia
1996,Japan,JPN,14,3,6,5,0.72,Asia
2000,Japan,JPN,18,5,8,5,0.76,Asia
2004,Japan,JPN,37,16,9,12,0.76,Asia
2008,Japan,JPN,25,9,8,8,0.8,Asia
2012,Japan,JPN,38,7,14,17,0.83,Asia
2016,Japan,,41,12,8,21,0.83,Asia
2020,Japan,JPN,58,27,14,17,0.83,Asia
2016,Jordan,,1,1,0,0,0.52,Asia
2020,Jordan,JOR,2,0,1,1,0.52,Asia
1996,Kazakhstan,KAZ,11,3,4,4,0.46,Asia
2000,Kazakhstan,KAZ,7,3,4,0,0.53,Asia
2004,Kazakhstan,KAZ,8,1,4,3,0.53,Asia
2008,Kazakhstan,KAZ,9,2,3,4,0.53,Asia
2012,Kazakhstan,KAZ,11,3,1,7,0.58,Asia
2016,Kazakhstan,,18,3,5,10,0.58,Asia
2020,Kazakhstan,KAZ,8,0,0,8,0.58,Asia
1964,Kenya,KEN,1,0,0,1,0.15,Africa
1968,Kenya,KEN,9,3,4,2,0.17,Africa
1972,Kenya,KEN,9,2,3,4,0.2,Africa
1984,Kenya,KEN,3,1,0,2,0.26,Africa
1988,Kenya,KEN,9,5,2,2,0.27,Africa
1992,Kenya,KEN,8,2,4,2,0.26,Africa
1996,Kenya,KEN,8,1,4,3,0.25,Africa
2000,Kenya,KEN,7,2,3,2,0.26,Africa
2004,Kenya,KEN,7,1,4,2,0.26,Africa
2008,Kenya,KEN,16,6,4,6,0.28,Africa
2012,Kenya,KEN,13,2,4,7,0.31,Africa
2016,Kenya,,13,6,6,1,0.31,Africa
2020,Kenya,KEN,10,4,4,2,0.31,Africa
2016,Kosovo,,1,1,0,0,-1,Europe
2020,Kosovo,KOS,2,2,0,0,-1,Europe
2000,Kuwait,KUW,1,0,0,1,0.57,Asia
2012,Kuwait,KUW,1,0,0,1,0.54,Asia
2020,Kuwait,KUW,1,0,0,1,0.54,Asia
2000,Kyrgyzstan,KGZ,1,0,0,1,0.45,Asia
2008,Kyrgyzstan,KGZ,3,0,1,2,0.47,Asia
2020,Kyrgyzstan,KGZ,3,0,2,1,0.49,Asia
1932,Latvia,LAT,1,0,1,0,-1,Europe
1936,Latvia,LAT,2,0,1,1,-1,Europe
1992,Latvia,LAT,3,0,2,1,0.48,Europe
1996,Latvia,LAT,1,0,1,0,0.52,Europe
2000,Latvia,LAT,3,1,1,1,0.6,Europe
2004,Latvia,LAT,4,0,4,0,0.6,Europe
2008,Latvia,LAT,3,1,1,1,0.63,Europe
2012,Latvia,LAT,2,1,0,1,0.63,Europe
2020,Latvia,LAT,2,1,0,1,0.63,Europe
1952,Lebanon,LIB,2,0,1,1,0.25,Asia
1972,Lebanon,LIB,1,0,1,0,0.35,Asia
1980,Lebanon,LIB,1,0,0,1,0.37,Asia
1992,Lithuania,LTU,2,1,0,1,0.49,Europe
1996,Lithuania,LTU,1,0,0,1,0.53,Europe
2000,Lithuania,LTU,5,2,0,3,0.61,Europe
2004,Lithuania,LTU,3,1,2,0,0.61,Europe
2008,Lithuania,LTU,5,0,3,2,0.64,Europe
2012,Lithuania,LTU,5,2,0,3,0.65,Europe
2016,Lithuania,,4,0,1,3,0.65,Europe
2020,Lithuania,LTU,1,0,1,0,0.65,Europe
1900,Luxembourg,LUX,1,1,0,0,-1,Europe
1920,Luxembourg,LUX,1,0,1,0,-1,Europe
1952,Luxembourg,LUX,1,1,0,0,-1,Europe
2000,Macedonia,MKD,1,0,0,1,-1,Europe
1992,Malaysia,MAS,1,0,0,1,0.42,Asia
1996,Malaysia,MAS,2,0,1,1,0.46,Asia
2008,Malaysia,MAS,1,0,1,0,0.51,Asia
2012,Malaysia,MAS,2,0,1,1,0.52,Asia
2016,Malaysia,,5,0,4,1,0.52,Asia
2020,Malaysia,MAS,2,0,1,1,0.52,Asia
2008,Mauritius,MRI,1,0,0,1,0.5,Africa
1932,Mexico,MEX,2,0,2,0,0.13,North America
1936,Mexico,MEX,3,0,0,3,0.15,North America
1948,Mexico,MEX,5,2,1,2,0.21,North America
1952,Mexico,MEX,1,0,1,0,0.24,North America
1956,Mexico,MEX,2,1,0,1,0.26,North America
1960,Mexico,MEX,1,0,0,1,0.29,North America
1964,Mexico,MEX,1,0,0,1,0.29,North America
1968,Mexico,MEX,9,3,3,3,0.32,North America
1972,Mexico,MEX,1,0,1,0,0.35,North America
1976,Mexico,MEX,2,1,0,1,0.39,North America
1980,Mexico,MEX,4,0,1,3,0.42,North America
1984,Mexico,MEX,6,2,3,1,0.42,North America
1988,Mexico,MEX,2,0,0,2,0.43,North America
1992,Mexico,MEX,1,0,1,0,0.44,North America
1996,Mexico,MEX,1,0,0,1,0.47,North America
2000,Mexico,MEX,6,1,2,3,0.5,North America
2004,Mexico,MEX,4,0,3,1,0.5,North America
2008,Mexico,MEX,4,2,0,2,0.52,North America
2012,Mexico,MEX,8,1,3,4,0.54,North America
2016,Mexico,,5,0,3,2,0.54,North America
2020,Mexico,MEX,4,0,0,4,0.54,North America
1896,Mixed team,ZZX,2,1,0,1,-1,N/A
1900,Mixed team,ZZX,19,8,5,6,-1,N/A
1904,Mixed team,ZZX,4,2,1,1,-1,N/A
1996,Moldova,MDA,2,0,1,1,0.43,Europe
2000,Moldova,MDA,2,0,1,1,0.46,Europe
2008,Moldova,MDA,1,0,0,1,0.47,Europe
2020,Moldova,MDA,1,0,0,1,0.5,Europe
1968,Mongolia,MGL,4,0,1,3,-1,Asia
1972,Mongolia,MGL,1,0,1,0,-1,Asia
1976,Mongolia,MGL,1,0,1,0,-1,Asia
1980,Mongolia,MGL,4,0,2,2,0.32,Asia
1980,Mongolia,MGL,4,0,2,2,0.35,Asia
1988,Mongolia,MGL,1,0,0,1,0.36,Asia
1992,Mongolia,MGL,2,0,0,2,0.34,Asia
1996,Mongolia,MGL,1,0,0,1,0.36,Asia
2004,Mongolia,MGL,1,0,0,1,0.41,Asia
2008,Mongolia,MGL,4,2,2,0,0.45,Asia
2012,Mongolia,MGL,5,0,2,3,0.5,Asia
2016,Mongolia,,2,0,1,1,0.5,Asia
2020,Mongolia,MGL,4,0,1,3,0.5,Asia
2012,Montenegro,MNE,1,0,1,0,-1,Europe
1960,Morocco,MAR,1,0,1,0,0.15,Africa
1984,Morocco,MAR,2,2,0,0,0.23,Africa
1988,Morocco,MAR,3,1,0,2,0.25,Africa
1992,Morocco,MAR,3,1,1,1,0.27,Africa
1996,Morocco,MAR,2,0,0,2,0.3,Africa
2000,Morocco,MAR,5,0,1,4,0.33,Africa
2004,Morocco,MAR,3,2,1,0,0.33,Africa
2008,Morocco,MAR,2,0,1,1,0.37,Africa
2012,Morocco,MAR,1,0,0,1,0.42,Africa
2016,Morocco,,1,0,0,1,0.42,Africa
2020,Morocco,MAR,1,1,0,0,0.42,Africa
1996,Mozambique,MOZ,1,0,0,1,0.19,Africa
2000,Mozambique,MOZ,1,1,0,0,0.21,Africa
1992,Namibia,NAM,2,0,2,0,0.36,Africa
1996,Namibia,NAM,2,0,2,0,0.34,Africa
2020,Namibia,NAM,1,0,1,0,0.41,Africa
1900,Netherlands,NED,5,0,2,3,0.33,Europe
1908,Netherlands,NED,2,0,0,2,0.33,Europe
1912,Netherlands,NED,3,0,0,3,0.33,Europe
1920,Netherlands,NED,11,4,2,5,0.37,Europe
1924,Netherlands,NED,10,4,1,5,0.37,Europe
1928,Netherlands,NED,19,6,9,4,0.4,Europe
1932,Netherlands,NED,7,2,5,0,0.4,Europe
1936,Netherlands,NED,17,6,4,7,0.42,Europe
1948,Netherlands,NED,16,5,2,9,0.48,Europe
1952,Netherlands,NED,5,0,5,0,0.49,Europe
1960,Netherlands,NED,3,0,1,2,0.51,Europe
1964,Netherlands,NED,10,2,4,4,0.51,Europe
1968,Netherlands,NED,7,3,3,1,0.54,Europe
1972,Netherlands,NED,5,3,1,1,0.56,Europe
1976,Netherlands,NED,5,0,2,3,0.59,Europe
1980,Netherlands,NED,3,0,1,2,0.6,Europe
1984,Netherlands,NED,13,5,2,6,0.6,Europe
1988,Netherlands,NED,9,2,2,5,0.64,Europe
1992,Netherlands,NED,15,2,6,7,0.69,Europe
1996,Netherlands,NED,19,4,5,10,0.76,Europe
2000,Netherlands,NED,25,12,9,4,0.79,Europe
2004,Netherlands,NED,22,4,9,9,0.79,Europe
2008,Netherlands,NED,16,7,5,4,0.83,Europe
2012,Netherlands,NED,20,6,6,8,0.86,Europe
2016,Netherlands,,19,8,7,4,0.86,Europe
2020,Netherlands,NED,36,10,12,14,0.86,Europe
1988,Netherlands Antilles,AHO,1,0,1,0,-1,North America
1920,New Zealand,NZL,1,0,0,1,0.41,Oceania
1924,New Zealand,NZL,1,0,0,1,0.41,Oceania
1928,New Zealand,NZL,1,1,0,0,0.42,Oceania
1932,New Zealand,NZL,1,0,1,0,0.41,Oceania
1936,New Zealand,NZL,1,1,0,0,0.43,Oceania
1952,New Zealand,NZL,3,1,0,2,0.52,Oceania
1956,New Zealand,NZL,2,2,0,0,0.53,Oceania
1960,New Zealand,NZL,3,2,0,1,0.55,Oceania
1964,New Zealand,NZL,5,3,0,2,0.55,Oceania
1968,New Zealand,NZL,3,1,0,2,0.54,Oceania
1972,New Zealand,NZL,3,1,1,1,0.55,Oceania
1976,New Zealand,NZL,4,2,1,1,0.56,Oceania
1984,New Zealand,NZL,11,8,1,2,0.57,Oceania
1988,New Zealand,NZL,13,3,2,8,0.59,Oceania
1992,New Zealand,NZL,10,1,4,5,0.65,Oceania
1996,New Zealand,NZL,6,3,2,1,0.73,Oceania
2000,New Zealand,NZL,4,1,0,3,0.8,Oceania
2004,New Zealand,NZL,5,3,2,0,0.8,Oceania
2008,New Zealand,NZL,9,3,2,4,0.82,Oceania
2012,New Zealand,NZL,13,6,2,5,0.86,Oceania
2016,New Zealand,,18,4,9,5,0.86,Oceania
2020,New Zealand,NZL,20,7,6,7,0.86,Oceania
1972,Niger,NIG,1,0,0,1,0.07,Africa
2016,Niger,,1,0,1,0,0.17,Africa
1964,Nigeria,NGR,1,0,0,1,0.11,Africa
1972,Nigeria,NGR,1,0,0,1,0.15,Africa
1984,Nigeria,NGR,2,0,1,1,0.18,Africa
1992,Nigeria,NGR,4,0,3,1,0.2,Africa
1996,Nigeria,NGR,6,2,1,3,0.21,Africa
2000,Nigeria,NGR,3,1,2,0,0.22,Africa
2004,Nigeria,NGR,2,0,0,2,0.22,Africa
2008,Nigeria,NGR,5,0,3,2,0.23,Africa
2016,Nigeria,,1,0,0,1,0.26,Africa
2020,Nigeria,NGR,2,0,1,1,0.26,Africa
1972,North Korea,PRK,5,1,1,3,-1,Asia
1976,North Korea,PRK,2,1,1,0,-1,Asia
1980,North Korea,PRK,5,0,3,2,-1,Asia
1992,North Korea,PRK,9,4,0,5,-1,Asia
1996,North Korea,PRK,5,2,1,2,-1,Asia
2000,North Korea,PRK,4,0,1,3,-1,Asia
2004,North Korea,PRK,5,0,4,1,-1,Asia
2008,North Korea,PRK,6,2,2,2,-1,Asia
2012,North Korea,PRK,7,4,0,3,-1,Asia
2016,North Korea,,7,2,3,2,-1,Asia
2020,North Macedonia,MKD,1,0,1,0,0.51,Europe
1900,Norway,NOR,5,0,2,3,0.33,Europe
1904,Norway,NOR,2,2,0,0,0.33,Europe
1908,Norway,NOR,8,2,3,3,0.33,Europe
1912,Norway,NOR,10,4,1,5,0.33,Europe
1920,Norway,NOR,31,13,9,9,0.36,Europe
1924,Norway,NOR,10,5,2,3,0.36,Europe
1928,Norway,NOR,4,1,2,1,0.37,Europe
1936,Norway,NOR,6,1,3,2,0.41,Europe
1948,Norway,NOR,7,1,3,3,0.46,Europe
1952,Norway,NOR,5,3,2,0,0.48,Europe
1956,Norway,NOR,3,1,0,2,0.5,Europe
1960,Norway,NOR,1,1,0,0,0.51,Europe
1968,Norway,NOR,2,1,1,0,0.55,Europe
1972,Norway,NOR,4,2,1,1,0.57,Europe
1976,Norway,NOR,2,1,1,0,0.59,Europe
1984,Norway,NOR,3,0,1,2,0.61,Europe
1988,Norway,NOR,5,2,3,0,0.62,Europe
1992,Norway,NOR,7,2,4,1,0.67,Europe
1996,Norway,NOR,7,2,2,3,0.73,Europe
2000,Norway,NOR,10,4,3,3,0.82,Europe
2004,Norway,NOR,6,5,0,1,0.82,Europe
2008,Norway,NOR,9,3,5,1,0.83,Europe
2012,Norway,NOR,4,2,1,1,0.84,Europe
2016,Norway,,4,0,0,4,0.84,Europe
2020,Norway,NOR,8,4,2,2,0.84,Europe
1956,Pakistan,PAK,1,0,1,0,0.11,Asia
1960,Pakistan,PAK,2,1,0,1,0.13,Asia
1964,Pakistan,PAK,1,0,1,0,0.13,Asia
1968,Pakistan,PAK,1,1,0,0,0.15,Asia
1972,Pakistan,PAK,1,0,1,0,0.16,Asia
1976,Pakistan,PAK,1,0,0,1,0.18,Asia
1984,Pakistan,PAK,1,1,0,0,0.18,Asia
1988,Pakistan,PAK,1,0,0,1,0.21,Asia
1992,Pakistan,PAK,1,0,0,1,0.23,Asia
1948,Panama,PAN,2,0,0,2,-1,South America
2008,Panama,PAN,1,1,0,0,0.54,North America
2004,Paraguay,PAR,1,0,1,0,0.45,South America
1948,Peru,PER,1,1,0,0,0.19,South America
1984,Peru,PER,1,0,1,0,0.37,South America
1988,Peru,PER,1,0,1,0,0.39,South America
1992,Peru,PER,1,0,1,0,0.41,South America
1928,Philippines,PHI,1,0,0,1,0.15,Asia
1932,Philippines,PHI,3,0,0,3,0.15,Asia
1936,Philippines,PHI,1,0,0,1,0.18,Asia
1964,Philippines,PHI,1,0,1,0,0.29,Asia
1988,Philippines,PHI,1,0,0,1,0.39,Asia
1992,Philippines,PHI,1,0,0,1,0.41,Asia
1996,Philippines,PHI,1,0,1,0,0.42,Asia
2016,Philippines,,1,0,1,0,0.46,Asia
2020,Philippines,PHI,4,1,2,1,0.46,Asia
1924,Poland,POL,2,0,1,1,0.22,Europe
1928,Poland,POL,5,1,1,3,0.23,Europe
1932,Poland,POL,7,2,1,4,0.24,Europe
1936,Poland,POL,6,0,3,3,0.27,Europe
1948,Poland,POL,1,0,0,1,0.34,Europe
1952,Poland,POL,4,1,2,1,0.36,Europe
1956,Poland,POL,9,1,4,4,0.41,Europe
1960,Poland,POL,21,4,6,11,0.44,Europe
1964,Poland,POL,23,7,6,10,0.44,Europe
1968,Poland,POL,18,5,2,11,0.46,Europe
1972,Poland,POL,21,7,5,9,0.48,Europe
1976,Poland,POL,26,7,6,13,0.48,Europe
1980,Poland,POL,32,3,14,15,0.49,Europe
1988,Poland,POL,16,2,5,9,0.5,Europe
1992,Poland,POL,19,3,6,10,0.53,Europe
1996,Poland,POL,17,7,5,5,0.57,Europe
2000,Poland,POL,14,6,5,3,0.6,Europe
2004,Poland,POL,10,3,2,5,0.6,Europe
2008,Poland,POL,11,4,5,2,0.63,Europe
2012,Poland,POL,11,3,2,6,0.67,Europe
2016,Poland,,11,2,3,6,0.67,Europe
2020,Poland,POL,14,4,5,5,0.67,Europe
1924,Portugal,POR,1,0,0,1,0.15,Europe
1928,Portugal,POR,1,0,0,1,0.16,Europe
1936,Portugal,POR,1,0,0,1,0.18,Europe
1948,Portugal,POR,2,0,1,1,0.23,Europe
1952,Portugal,POR,1,0,0,1,0.26,Europe
1960,Portugal,POR,1,0,1,0,0.31,Europe
1976,Portugal,POR,2,0,2,0,0.43,Europe
1984,Portugal,POR,3,1,0,2,0.45,Europe
1988,Portugal,POR,1,1,0,0,0.48,Europe
1996,Portugal,POR,2,1,0,1,0.59,Europe
2000,Portugal,POR,2,0,0,2,0.63,Europe
2004,Portugal,POR,3,0,2,1,0.63,Europe
2008,Portugal,POR,2,1,1,0,0.66,Europe
2012,Portugal,POR,1,0,1,0,0.75,Europe
2016,Portugal,,1,0,0,1,0.75,Europe
2020,Portugal,POR,4,1,1,2,0.75,Europe
1948,Puerto Rico,PUR,1,0,0,1,0.31,North America
1976,Puerto Rico,PUR,1,0,0,1,0.49,North America
1984,Puerto Rico,PUR,2,0,1,1,0.51,North America
1992,Puerto Rico,PUR,1,0,0,1,0.56,North America
1996,Puerto Rico,PUR,1,0,0,1,0.6,North America
2012,Puerto Rico,PUR,2,0,1,1,0.62,North America
2016,Puerto Rico,,1,1,0,0,0.62,North America
2020,Puerto Rico,PUR,1,1,0,0,0.62,North America
1992,Qatar,QAT,1,0,0,1,0.43,Asia
2000,Qatar,QAT,1,0,0,1,0.5,Asia
2012,Qatar,QAT,2,0,0,2,0.63,Asia
2016,Qatar,,1,0,1,0,0.63,Asia
2020,Qatar,QAT,3,2,0,1,0.63,Asia
1960,Taiwan,ROC,1,0,1,0,0.3,Asia
1968,Taiwan,ROC,1,0,0,1,0.35,Asia
2020,ROC (Russia),ROC,71,20,28,23,-1,Asia
1924,Romania,ROU,1,0,0,1,0.17,Europe
1936,Romania,ROU,1,0,1,0,0.22,Europe
1952,Romania,ROU,4,1,1,2,0.29,Europe
1956,Romania,ROU,13,5,3,5,0.34,Europe
1960,Romania,ROU,10,3,1,6,0.4,Europe
1964,Romania,ROU,12,2,4,6,0.4,Europe
1968,Romania,ROU,15,4,6,5,0.4,Europe
1972,Romania,ROU,16,3,6,7,0.42,Europe
1976,Romania,ROU,27,4,9,14,0.46,Europe
1980,Romania,ROU,25,6,6,13,0.46,Europe
1984,Romania,ROU,53,20,16,17,0.46,Europe
1988,Romania,ROU,24,7,11,6,0.44,Europe
1992,Romania,ROU,18,4,6,8,0.43,Europe
1996,Romania,ROU,20,4,7,9,0.45,Europe
2000,Romania,ROU,26,11,6,9,0.49,Europe
2004,Romania,ROU,19,8,5,6,0.49,Europe
2008,Romania,ROU,9,4,1,4,0.54,Europe
2012,Romania,ROU,7,2,4,1,0.57,Europe
2016,Romania,,4,1,1,2,0.57,Europe
2020,Romania,ROU,4,1,3,0,0.57,Europe
1996,Russia,RUS,63,26,21,16,0.48,Europe
2000,Russia,RUS,89,32,28,29,0.51,Europe
2004,Russia,RUS,90,28,26,36,0.51,Europe
2008,Russia,RUS,60,24,13,23,0.52,Europe
2012,Russia,RUS,68,20,20,28,0.57,Europe
2016,Russia,,56,19,17,20,0.57,Europe
1908,Russia,RU1,3,1,2,0,0.12,Europe
1912,Russia,RU1,5,0,2,3,0.12,Europe
2008,Samoa,SAM,1,0,1,0,-1,Oceania
2020,San Marino,SMR,3,0,1,2,-1,Europe
2000,Saudi Arabia,KSA,2,0,1,1,0.46,Asia
2012,Saudi Arabia,KSA,1,0,0,1,0.5,Asia
2020,Saudi Arabia,KSA,1,0,1,0,0.5,Asia
1988,Senegal,SEN,1,0,1,0,0.17,Africa
2008,Serbia,SRB,3,0,1,2,0.52,Europe
2012,Serbia,SRB,4,1,1,2,0.54,Europe
2016,Serbia,,8,2,4,2,0.54,Europe
2020,Serbia,SRB,9,3,1,5,0.54,Europe
2004,Serbia and Montenegro,SCG,2,0,2,0,-1,Europe
1960,Singapore,SIN,1,0,1,0,0.36,Asia
2008,Singapore,SIN,1,0,1,0,0.69,Asia
2012,Singapore,SIN,2,0,0,2,0.82,Asia
2016,Singapore,,1,1,0,0,0.82,Asia
1996,Slovakia,SVK,3,1,1,1,0.52,Europe
2000,Slovakia,SVK,5,1,3,1,0.57,Europe
2004,Slovakia,SVK,6,2,2,2,0.57,Europe
2008,Slovakia,SVK,6,3,3,0,0.6,Europe
2012,Slovakia,SVK,4,0,1,3,0.62,Europe
2016,Slovakia,,4,2,2,0,0.62,Europe
2020,Slovakia,SVK,4,1,2,1,0.62,Europe
1992,Slovenia,SLO,2,0,0,2,0.56,Europe
1996,Slovenia,SLO,2,0,2,0,0.6,Europe
2000,Slovenia,SLO,2,2,0,0,0.69,Europe
2004,Slovenia,SLO,4,0,1,3,0.69,Europe
2008,Slovenia,SLO,5,1,2,2,0.72,Europe
2012,Slovenia,SLO,4,1,1,2,0.77,Europe
2016,Slovenia,,4,1,2,1,0.77,Europe
2020,Slovenia,SLO,5,3,1,1,0.77,Europe
1908,South Africa,RSA,2,1,1,0,0.12,Africa
1912,South Africa,RSA,6,4,2,0,0.12,Africa
1920,South Africa,RSA,10,3,4,3,0.13,Africa
1924,South Africa,RSA,3,1,1,1,0.13,Africa
1928,South Africa,RSA,3,1,0,2,0.13,Africa
1932,South Africa,RSA,5,2,0,3,0.14,Africa
1936,South Africa,RSA,1,0,1,0,0.15,Africa
1948,South Africa,RSA,4,2,1,1,0.19,Africa
1952,South Africa,RSA,10,2,4,4,0.21,Africa
1956,South Africa,RSA,4,0,0,4,0.23,Africa
1960,South Africa,RSA,3,0,1,2,0.26,Africa
1992,South Africa,RSA,2,0,2,0,0.36,Africa
1996,South Africa,RSA,5,3,1,1,0.36,Africa
2000,South Africa,RSA,5,0,2,3,0.33,Africa
2004,South Africa,RSA,6,1,3,2,0.33,Africa
2008,South Africa,RSA,1,0,1,0,0.35,Africa
2012,South Africa,RSA,6,4,1,1,0.38,Africa
2016,South Africa,,10,2,6,2,0.38,Africa
2020,South Africa,RSA,3,1,2,0,0.38,Africa
1948,South Korea,KOR,2,0,0,2,0.19,Asia
1952,South Korea,KOR,2,0,0,2,0.23,Asia
1956,South Korea,KOR,2,0,1,1,0.25,Asia
1964,South Korea,KOR,3,0,2,1,0.28,Asia
1968,South Korea,KOR,2,0,1,1,0.32,Asia
1972,South Korea,KOR,1,0,1,0,0.36,Asia
1976,South Korea,KOR,6,1,1,4,0.4,Asia
1984,South Korea,KOR,19,6,6,7,0.45,Asia
1988,South Korea,KOR,33,12,10,11,0.51,Asia
1992,South Korea,KOR,29,12,5,12,0.56,Asia
1996,South Korea,KOR,27,7,15,5,0.63,Asia
2000,South Korea,KOR,28,8,10,10,0.72,Asia
2004,South Korea,KOR,30,9,12,9,0.72,Asia
2008,South Korea,KOR,32,13,11,8,0.81,Asia
2012,South Korea,KOR,30,13,9,8,0.85,Asia
2016,South Korea,,21,9,3,9,0.85,Asia
2020,South Korea,KOR,20,6,4,10,0.85,Asia
1952,Russia,URS,71,22,30,19,0.38,Europe
1956,Russia,URS,98,37,29,32,0.42,Europe
1960,Russia,URS,103,43,29,31,0.47,Europe
1964,Russia,URS,96,30,31,35,0.47,Europe
1968,Russia,URS,91,29,32,30,0.5,Europe
1972,Russia,URS,99,50,27,22,0.49,Europe
1976,Russia,URS,125,49,41,35,0.49,Europe
1980,Russia,URS,195,80,69,46,0.5,Europe
1988,Russia,URS,132,55,31,46,0.52,Europe
1900,Spain,ESP,1,1,0,0,0.17,Europe
1920,Spain,ESP,2,0,2,0,0.21,Europe
1928,Spain,ESP,1,1,0,0,0.23,Europe
1932,Spain,ESP,1,0,0,1,0.25,Europe
1948,Spain,ESP,1,0,1,0,0.3,Europe
1952,Spain,ESP,1,0,1,0,0.34,Europe
1960,Spain,ESP,1,0,0,1,0.41,Europe
1972,Spain,ESP,1,0,0,1,0.47,Europe
1976,Spain,ESP,2,0,2,0,0.51,Europe
1980,Spain,ESP,6,1,3,2,0.54,Europe
1984,Spain,ESP,5,1,2,2,0.54,Europe
1988,Spain,ESP,4,1,1,2,0.59,Europe
1992,Spain,ESP,22,13,7,2,0.62,Europe
1996,Spain,ESP,17,5,6,6,0.67,Europe
2000,Spain,ESP,11,3,3,5,0.71,Europe
2004,Spain,ESP,20,3,11,6,0.71,Europe
2008,Spain,ESP,19,5,11,3,0.81,Europe
2012,Spain,ESP,19,4,10,5,0.85,Europe
2016,Spain,,17,7,4,6,0.85,Europe
2020,Spain,ESP,17,3,8,6,0.85,Europe
2000,Sri Lanka,SRI,1,0,1,0,0.46,Asia
2008,Sudan,SUD,1,0,1,0,0.27,Africa
1988,Suriname,SUR,1,1,0,0,-1,South America
1992,Suriname,SUR,1,0,0,1,-1,South America
1900,Sweden,SWE,1,0,0,1,0.33,Europe
1908,Sweden,SWE,25,8,6,11,0.33,Europe
1912,Sweden,SWE,65,24,24,17,0.33,Europe
1920,Sweden,SWE,64,19,20,25,0.35,Europe
1924,Sweden,SWE,29,4,13,12,0.35,Europe
1928,Sweden,SWE,25,7,6,12,0.36,Europe
1932,Sweden,SWE,23,9,5,9,0.37,Europe
1936,Sweden,SWE,20,6,5,9,0.38,Europe
1948,Sweden,SWE,44,16,11,17,0.45,Europe
1952,Sweden,SWE,35,12,13,10,0.48,Europe
1956,Sweden,SWE,19,8,5,6,0.5,Europe
1960,Sweden,SWE,6,1,2,3,0.51,Europe
1964,Sweden,SWE,8,2,2,4,0.51,Europe
1968,Sweden,SWE,4,2,1,1,0.55,Europe
1972,Sweden,SWE,16,4,6,6,0.57,Europe
1976,Sweden,SWE,5,4,1,0,0.59,Europe
1980,Sweden,SWE,12,3,3,6,0.61,Europe
1984,Sweden,SWE,19,2,11,6,0.61,Europe
1988,Sweden,SWE,11,0,4,7,0.62,Europe
1992,Sweden,SWE,12,1,7,4,0.67,Europe
1996,Sweden,SWE,8,2,4,2,0.8,Europe
2000,Sweden,SWE,12,4,5,3,0.83,Europe
2004,Sweden,SWE,7,4,2,1,0.83,Europe
2008,Sweden,SWE,5,0,4,1,0.78,Europe
2012,Sweden,SWE,8,1,4,3,0.86,Europe
2016,Sweden,,11,2,6,3,0.86,Europe
2020,Sweden,SWE,9,3,6,0,0.86,Europe
1896,Switzerland,SUI,3,1,2,0,0.32,Europe
1900,Switzerland,SUI,9,6,2,1,0.33,Europe
1904,Switzerland,SUI,3,1,0,2,0.33,Europe
1912,Switzerland,SUI,1,1,0,0,0.33,Europe
1920,Switzerland,SUI,11,2,2,7,0.37,Europe
1924,Switzerland,SUI,25,7,8,10,0.37,Europe
1928,Switzerland,SUI,15,7,4,4,0.38,Europe
1932,Switzerland,SUI,1,0,1,0,0.39,Europe
1936,Switzerland,SUI,15,1,9,5,0.41,Europe
1948,Switzerland,SUI,20,5,10,5,0.44,Europe
1952,Switzerland,SUI,14,2,6,6,0.48,Europe
1956,Switzerland,SUI,1,0,0,1,0.49,Europe
1960,Switzerland,SUI,6,0,3,3,0.5,Europe
1964,Switzerland,SUI,4,1,2,1,0.5,Europe
1968,Switzerland,SUI,5,0,1,4,0.51,Europe
1972,Switzerland,SUI,3,0,3,0,0.54,Europe
1976,Switzerland,SUI,4,1,1,2,0.59,Europe
1980,Switzerland,SUI,2,2,0,0,0.6,Europe
1984,Switzerland,SUI,8,0,4,4,0.6,Europe
1988,Switzerland,SUI,4,0,2,2,0.61,Europe
1992,Switzerland,SUI,1,1,0,0,0.64,Europe
1996,Switzerland,SUI,7,4,3,0,0.69,Europe
2000,Switzerland,SUI,9,1,6,2,0.73,Europe
2004,Switzerland,SUI,5,1,1,3,0.73,Europe
2008,Switzerland,SUI,7,2,1,4,0.76,Europe
2012,Switzerland,SUI,4,2,2,0,0.8,Europe
2016,Switzerland,,7,3,2,2,0.8,Europe
2020,Switzerland,SUI,13,3,4,6,0.8,Europe
1984,Syria,SYR,1,0,1,0,0.34,Asia
1996,Syria,SYR,1,1,0,0,0.4,Asia
2004,Syria,SYR,1,0,0,1,0.44,Asia
2020,Syria,SYR,1,0,0,1,0.43,Asia
2008,Tajikistan,TJK,2,0,1,1,0.42,Asia
2012,Tajikistan,TJK,1,0,0,1,0.44,Asia
2016,Tajikistan,,1,1,0,0,0.44,Asia
1980,Tanzania,TAN,2,0,2,0,0.18,Africa
1976,Thailand,THA,1,0,0,1,0.34,Asia
1984,Thailand,THA,1,0,1,0,0.37,Asia
1988,Thailand,THA,1,0,0,1,0.39,Asia
1992,Thailand,THA,1,0,0,1,0.42,Asia
1996,Thailand,THA,2,1,0,1,0.42,Asia
2000,Thailand,THA,3,1,0,2,0.45,Asia
2004,Thailand,THA,8,3,1,4,0.45,Asia
2008,Thailand,THA,6,2,2,2,0.49,Asia
2012,Thailand,THA,4,0,2,2,0.51,Asia
2016,Thailand,,6,2,2,2,0.51,Asia
2020,Thailand,THA,2,1,0,1,0.51,Asia
2008,Togo,TOG,1,0,0,1,0.26,Africa
1996,Tonga,TGA,1,0,1,0,-1,Oceania
1948,Trinidad and Tobago,TRI,1,0,1,0,0.34,North America
1952,Trinidad and Tobago,TRI,2,0,0,2,0.34,North America
1964,Trinidad and Tobago,TRI,3,0,1,2,0.41,North America
1976,Trinidad and Tobago,TRI,1,1,0,0,0.46,North America
1996,Trinidad and Tobago,TRI,2,0,0,2,0.49,North America
2000,Trinidad and Tobago,TRI,2,0,1,1,0.51,North America
2004,Trinidad and Tobago,TRI,1,0,0,1,0.51,North America
2008,Trinidad and Tobago,TTO,2,1,1,0,0.53,North America
2012,Trinidad and Tobago,TRI,4,1,1,2,0.54,North America
2016,Trinidad and Tobago,,1,0,0,1,0.54,North America
1964,Tunisia,TUN,2,0,1,1,0.19,Africa
1968,Tunisia,TUN,2,1,0,1,0.21,Africa
1972,Tunisia,TUN,1,0,1,0,0.24,Africa
1996,Tunisia,TUN,1,0,0,1,0.4,Africa
2008,Tunisia,TUN,1,1,0,0,0.46,Africa
2012,Tunisia,TUN,3,2,0,1,0.48,Africa
2016,Tunisia,,3,0,0,3,0.48,Africa
2020,Tunisia,TUN,2,1,1,0,0.48,Africa
1936,Turkey,TUR,2,1,0,1,0.12,Asia
1948,Turkey,TUR,12,6,4,2,0.16,Asia
1952,Turkey,TUR,3,2,0,1,0.18,Asia
1956,Turkey,TUR,7,3,2,2,0.2,Asia
1960,Turkey,TUR,9,7,2,0,0.23,Asia
1964,Turkey,TUR,6,2,3,1,0.23,Asia
1968,Turkey,TUR,2,2,0,0,0.26,Asia
1972,Turkey,TUR,1,0,1,0,0.29,Asia
1984,Turkey,TUR,3,0,0,3,0.33,Asia
1988,Turkey,TUR,2,1,1,0,0.36,Asia
1992,Turkey,TUR,6,2,2,2,0.38,Asia
1996,Turkey,TUR,6,4,1,1,0.41,Asia
2000,Turkey,TUR,5,3,0,2,0.46,Asia
2004,Turkey,TUR,11,3,3,5,0.46,Asia
2008,Turkey,TUR,5,1,1,3,0.5,Asia
2012,Turkey,TUR,3,1,1,1,0.55,Asia
2016,Turkey,,8,1,3,4,0.55,Asia
2020,Turkey,TUR,13,2,2,9,0.55,Asia
2020,Turkmenistan,TKM,1,0,1,0,-1,Asia
1968,Uganda,UGA,2,0,1,1,0.15,Africa
1972,Uganda,UGA,2,1,1,0,0.16,Africa
1980,Uganda,UGA,1,0,1,0,0.17,Africa
1996,Uganda,UGA,1,0,0,1,0.22,Africa
2012,Uganda,UGA,1,1,0,0,0.28,Africa
2020,Uganda,UGA,4,2,1,1,0.28,Africa
1996,Ukraine,UKR,23,9,2,12,0.48,Europe
2000,Ukraine,UKR,23,3,10,10,0.52,Europe
2004,Ukraine,UKR,22,8,5,9,0.52,Europe
2008,Ukraine,UKR,22,7,4,11,0.54,Europe
2012,Ukraine,UKR,19,5,4,10,0.56,Europe
2016,Ukraine,,11,2,5,4,0.56,Europe
2020,Ukraine,UKR,19,1,6,12,0.56,Europe
1992,Unified Team,EUN,112,45,38,29,-1,N/A
2004,United Arab Emirates,UAE,1,1,0,0,0.51,Asia
2016,United Arab Emirates,,1,0,0,1,0.59,Asia
1896,United States,USA,20,11,7,2,0.29,North America
1900,United States,USA,48,19,14,15,0.31,North America
1904,United States,USA,231,76,78,77,0.31,North America
1908,United States,USA,47,23,12,12,0.31,North America
1912,United States,USA,64,26,19,19,0.31,North America
1920,United States,USA,95,41,27,27,0.37,North America
1924,United States,USA,99,45,27,27,0.37,North America
1928,United States,USA,56,22,18,16,0.38,North America
1932,United States,USA,103,41,32,30,0.38,North America
1936,United States,USA,56,24,20,12,0.42,North America
1948,United States,USA,84,38,27,19,0.47,North America
1952,United States,USA,76,40,19,17,0.49,North America
1956,United States,USA,74,32,25,17,0.51,North America
1960,United States,USA,71,34,21,16,0.55,North America
1964,United States,USA,90,36,26,28,0.55,North America
1968,United States,USA,107,45,28,34,0.55,North America
1972,United States,USA,94,33,31,30,0.57,North America
1976,United States,USA,94,34,35,25,0.59,North America
1984,United States,USA,174,83,61,30,0.62,North America
1988,United States,USA,94,36,31,27,0.64,North America
1992,United States,USA,108,37,34,37,0.69,North America
1996,United States,USA,101,44,32,25,0.72,North America
2000,United States,USA,93,37,24,32,0.74,North America
2004,United States,USA,101,36,39,26,0.74,North America
2008,United States,USA,112,36,39,37,0.77,North America
2012,United States,USA,104,46,28,30,0.78,North America
2016,United States,,121,46,37,38,0.78,North America
2020,United States,USA,113,39,41,33,0.78,North America
1956,United Team of Germany,EUA,26,6,13,7,-1,Europe
1960,United Team of Germany,EUA,42,12,19,11,-1,Europe
1964,United Team of Germany,EUA,50,10,22,18,-1,Europe
1924,Uruguay,URU,1,1,0,0,0.24,South America
1928,Uruguay,URU,1,1,0,0,0.26,South America
1932,Uruguay,URU,1,0,0,1,0.26,South America
1948,Uruguay,URU,2,0,1,1,0.35,South America
1952,Uruguay,URU,2,0,0,2,0.37,South America
1956,Uruguay,URU,1,0,0,1,0.39,South America
1964,Uruguay,URU,1,0,0,1,0.4,South America
2000,Uruguay,URU,1,0,1,0,0.6,South America
1996,Uzbekistan,UZB,2,0,1,1,0.45,Asia
2000,Uzbekistan,UZB,4,1,1,2,0.47,Asia
2004,Uzbekistan,UZB,5,2,1,2,0.47,Asia
2008,Uzbekistan,UZB,4,0,1,3,0.48,Asia
2012,Uzbekistan,UZB,3,0,0,3,0.51,Asia
2016,Uzbekistan,,13,4,2,7,0.51,Asia
2020,Uzbekistan,UZB,5,3,0,2,0.51,Asia
1952,Venezuela,VEN,1,0,0,1,0.25,South America
1960,Venezuela,VEN,1,0,0,1,0.33,South America
1968,Venezuela,VEN,1,1,0,0,0.36,South America
1976,Venezuela,VEN,1,0,1,0,0.41,South America
1980,Venezuela,VEN,1,0,1,0,0.43,South America
1984,Venezuela,VEN,3,0,0,3,0.43,South America
2004,Venezuela,VEN,2,0,0,2,0.5,South America
2008,Venezuela,VEN,1,0,0,1,0.56,South America
2012,Venezuela,VEN,1,1,0,0,0.56,South America
2016,Venezuela,,3,0,2,1,0.56,South America
2020,Venezuela,VEN,4,1,3,0,0.56,South America
2000,Vietnam,VIE,1,0,1,0,0.43,Asia
2008,Vietnam,VIE,1,0,1,0,0.45,Asia
2012,Vietnam,VIE,1,0,0,1,0.48,Asia
2016,Vietnam,,2,1,1,0,0.48,Asia
1988,Virgin Islands,ISV,1,0,1,0,-1,North America
1968,West Germany,FRG,26,5,11,10,-1,Europe
1972,West Germany,FRG,40,13,11,16,-1,Europe
1976,West Germany,FRG,39,10,12,17,-1,Europe
1984,West Germany,FRG,59,17,19,23,-1,Europe
1988,West Germany,FRG,40,11,14,15,-1,Europe
1924,Yugoslavia,YUG,2,2,0,0,-1,Europe
1928,Yugoslavia,YUG,5,1,1,3,-1,Europe
1936,Yugoslavia,YUG,1,0,1,0,-1,Europe
1948,Yugoslavia,YUG,2,0,2,0,-1,Europe
1952,Yugoslavia,YUG,3,1,2,0,-1,Europe
1956,Yugoslavia,YUG,3,0,3,0,-1,Europe
1960,Yugoslavia,YUG,2,1,1,0,-1,Europe
1964,Yugoslavia,YUG,5,2,1,2,-1,Europe
1968,Yugoslavia,YUG,8,3,3,2,-1,Europe
1972,Yugoslavia,YUG,5,2,1,2,-1,Europe
1976,Yugoslavia,YUG,8,2,3,3,-1,Europe
1980,Yugoslavia,YUG,9,2,3,4,-1,Europe
1984,Yugoslavia,YUG,18,7,4,7,-1,Europe
1988,Yugoslavia,YUG,12,3,4,5,-1,Europe
1996,Yugoslavia,YUG,4,1,1,2,-1,Europe
2000,Yugoslavia,YUG,3,1,1,1,-1,Europe
1984,Zambia,ZAM,1,0,0,1,0.21,Africa
1996,Zambia,ZAM,1,0,1,0,0.18,Africa
1980,Zimbabwe,ZIM,1,1,0,0,0.3,Africa
2004,Zimbabwe,ZIM,3,1,1,1,0.22,Africa
2008,Zimbabwe,ZIM,4,1,3,0,0.23,Africa
